{
  "spec/controllers/articles_controller_spec.rb": 0.028591394424438477,
  "spec/services/calculator_spec.rb": 0.00140380859375
}