{
  "spec/controllers/welcome_controller_spec.rb": 0.016153812408447266,
  "spec/services/meme_spec.rb": 0.0011599063873291016
}