{
  "spec/controllers/articles_controller_spec.rb": 0.030804157257080078,
  "spec/services/calculator_spec.rb": 0.0015192031860351562
}