{
  "spec/services/calculator_spec.rb": 0.002123117446899414,
  "spec/services/meme_spec.rb": 0.00027441978454589844
}
