{
  "spec/controllers/welcome_controller_spec.rb": 0.014770030975341797,
  "spec/services/calculator_spec.rb": 0.0024209022521972656,
  "spec/services/meme_spec.rb": 0.0002849102020263672
}