{
  "spec/controllers/articles_controller_spec.rb": 0.023772239685058594,
  "spec/controllers/welcome_controller_spec.rb": 0.0043179988861083984
}