{
  "spec/controllers/articles_controller_spec.rb": 0.025679349899291992,
  "spec/controllers/welcome_controller_spec.rb": 0.0049054622650146484
}