{
  "spec/controllers/articles_controller_spec.rb": 0.027464628219604492,
  "spec/controllers/welcome_controller_spec.rb": 0.005187511444091797
}