{
  "spec/services/calculator_spec.rb": 0.0020363330841064453,
  "spec/services/meme_spec.rb": 0.0002200603485107422
}