{
  "spec/controllers/articles_controller_spec.rb": 0.025055885314941406,
  "spec/services/calculator_spec.rb": 0.001224517822265625
}